Request No,Request Manager,Completion Status,Imp End Date,Days Until Breach
33453,Sandra Macpherson,New,00-01-1900 00:00,-44442
39704,Sandra Macpherson,New,00-01-1900 00:00,-44442
41944,Sandra Macpherson,New,00-01-1900 00:00,-44442
44079,Sandra Macpherson,New,00-01-1900 00:00,-44442
45040,Amit Shukla,Awaiting Peer Review,15-06-2023 17:30,3
44703,Sunny Chavan,Awaiting Implementation,16-06-2023 19:00,4
45003,Daniel Smith,Awaiting Approval,16-06-2023 12:02,4
45011,Divya P S,Awaiting Peer Review,16-06-2023 10:30,4
44215,Naga Cheedella,Awaiting Implementation,23-06-2023 16:00,11
